Cons,Clie,Helen,3/6/2024,25,3/31/2024,0%
Cons,Mark,Gary,2/2/2024,32,3/5/2024,0%
Cons,Stra,Fiona,1/2/2024,35,2/6/2024,60%
Cust,Cust,Julia,3/21/2024,58,4/20/2024,0%
Cust,Tick,Ian,2/24/2024,25,3/20/2024,100%
Deve,Code,Sam,3/14/2024,30,4/13/2024,0%
Deve,Feat,Rachel,2/8/2024,34,3/13/2024,0%
Deve,Soft,Quinn,1/2/2024,36,2/7/2024,100%
Engi,Prod,Rachel,1/2/2024,25,1/27/2024,20%
Engi,Prot,Tom,2/23/2024,27,3/21/2024,0%
Engi,Syst,Sam,2/2/2024,22,2/24/2024,0%
Even,Conf,Mike,2/3/2024,20,2/23/2024,0%
Even,Even,Laura,1/3/2024,25,1/28/2024,30%
Even,Spon,n Nancy,2/24/2024,35,3/30/2024,0%
Fina,Budg,Kevin,2/2/2024,24,2/24/2024,10%
Fina,Fina,Mark,2/13/2024,21,2/9/2024,78%
Fina,Inve,Mark,3/19/2024,25,4/13/2024,100%
Logi,Inve,Quentin,3/29/2024,20,4/18/2024,0%
Logi,Supp,Oscar,1/3/2024,25,1/28/2024,50%
Logi,Tran,Patricia,1/29/2024,30,2/28/2024,100%
Mark,Camp,Daisy,2/18/2024,26,3/14/2024,0%
Mark,Cont,Bob,1/14/2024,14,1/28/2024,100%
Mark,Mark,Alice,1/1/2024,10,1/14/2024,78%
Mark,Soci,Charlie,1/28/2024,22,2/19/2024,45%
NEW_,Serv,Hannah,2/1/2024,33,2/23/2024,100%
Oper,Faci,Edward,2/29/2024,20,3/20/2024,0%
Oper,Inve,Diane,2/3/2024,25,2/28/2024,0%
Oper,Proc,Calvin,1/3/2024,30,2/2/2024,40%
Prod,Manu,Tim,1/3/2024,47,2/19/2024,30%
Prod,Pack,Victor,3/14/2024,22,4/5/2024,0%
Prod,Prot,Ethan,1/2/2024,18,1/20/2024,100%
Prod,Qual,Fiona,1/20/2024,10,1/30/2024,78%
Prod,Qual,Ursula,2/17/2024,27,3/15/2024,0%
Prod,User,Gabriel,2/4/2024,25,2/29/2024,0%
Rese,Data,Olivia,1/26/2024,42,2/27/2024,0%
Rese,Mark,Nathan,1/2/2024,23,1/25/2024,50%
Rese,Rese,Peter,2/28/2024,27,3/26/2024,0%
Sale,Clie,Xavier,1/6/2024,20,1/26/2024,78%
Sale,Cont,Yvette,2/3/2024,35,3/9/2024,0%
Sale,Lead,Wendy,1/3/2024,60,3/3/2024,70%
Supp,Bug ,Aaron,1/27/2024,31,2/27/2024,100%
Supp,Soft,Bella,3/2/2024,22,3/24/2024,0%
Supp,Tech,Zoe,1/1/2024,25,1/26/2024,100%
Trai,Cert,Jane,1/28/2024,30,2/27/2024,0%
Trai,Empl,Isaac,1/4/2024,27,1/31/2024,80%
Trai,Skil,Kyle,2/28/2024,22,3/21/2024,0%
project_name,task_name,assigned_to,start_date,days_required,end_date,progress
