Consulting,Client Advisory,Helen,3/6/2024,25.000000000000000,3/31/2024,0%
Consulting,Market Expansion,Gary,2/2/2024,32.000000000000000,3/5/2024,0%
Consulting,Strategic Planning,Fiona,1/2/2024,35.000000000000000,2/6/2024,60%
Customer Svc,Customer Feedback,Julia,3/21/2024,58.000000000000000,4/20/2024,0%
Customer Svc,Ticket Resolution,Ian,2/24/2024,25.000000000000000,3/20/2024,100%
Development,Code Review,Sam,3/14/2024,30.000000000000000,4/13/2024,0%
Development,Feature Enhancement,Rache,2/8/2024,34.000000000000000,3/13/2024,0%
Development,Software Development,Quinn,1/2/2024,36.000000000000000,2/7/2024,100%
Engineering,Product Design,Rache,1/2/2024,25.000000000000000,1/27/2024,20%
Engineering,Prototype Testing,Tom,2/23/2024,27.000000000000000,3/21/2024,0%
Engineering,System Integration,Sam,2/2/2024,22.000000000000000,2/24/2024,0%
Events,Conference Management,Mike,2/3/2024,20.000000000000000,2/23/2024,0%
Events,Event Planning,Laura,1/3/2024,25.000000000000000,1/28/2024,30%
Events,Sponsorship Coordinatio,n Nan,2/24/2024,35.000000000000000,3/30/2024,0%
Financial,Budget Analysis,Kevin,2/2/2024,24.000000000000000,2/24/2024,10%
Financial,Financial Reporting,Mark,2/13/2024,21.000000000000000,2/9/2024,78%
Financial,Investment Planning,Mark,3/19/2024,25.000000000000000,4/13/2024,100%
Logistics,Inventory Optimization,Quent,3/29/2024,20.000000000000000,4/18/2024,0%
Logistics,Supply Chain Management,Oscar,1/3/2024,25.000000000000000,1/28/2024,50%
Logistics,Transportation Planning,Patri,1/29/2024,30.000000000000000,2/28/2024,100%
Marketing,Campaign Analysis,Daisy,2/18/2024,26.000000000000000,3/14/2024,0%
Marketing,Content Creation,Bob,1/14/2024,14.000000000000000,1/28/2024,100%
Marketing,Social Media Planning,Charl,1/28/2024,22.000000000000000,2/19/2024,45%
Marketing_MOD,Market Research,Alice,1/1/2024,10.000000000000000,1/14/2024,78%
NEW_C,Service Improvement,Hanna,2/1/2024,33.000000000000000,2/23/2024,100%
Operations,Facility Maintenance,Edwar,2/29/2024,20.000000000000000,3/20/2024,0%
Operations,Inventory Management,Diane,2/3/2024,25.000000000000000,2/28/2024,0%
Operations,Process Optimization,Calvi,1/3/2024,30.000000000000000,2/2/2024,40%
Product Dev,Prototype Development,Ethan,1/2/2024,18.000000000000000,1/20/2024,100%
Product Dev,Quality Assurance,Fiona,1/20/2024,10.000000000000000,1/30/2024,78%
Product Dev,User Interface Design,Gabri,2/4/2024,25.000000000000000,2/29/2024,0%
Production,Manufacturing,Tim,1/3/2024,47.000000000000000,2/19/2024,30%
Production,Packaging Design,Victo,3/14/2024,22.000000000000000,4/5/2024,0%
Production,Quality Control,Ursul,2/17/2024,27.000000000000000,3/15/2024,0%
Research,Data Collection,Olivi,1/26/2024,42.000000000000000,2/27/2024,0%
Research,Market Trends Analysis,Natha,1/2/2024,23.000000000000000,1/25/2024,50%
Research,Research Paper Writing,Peter,2/28/2024,27.000000000000000,3/26/2024,0%
Sales,Client Meetings,Xavie,1/6/2024,20.000000000000000,1/26/2024,78%
Sales,Contract Negotiation,Yvett,2/3/2024,35.000000000000000,3/9/2024,0%
Sales,Lead Generation,Wendy,1/3/2024,60.000000000000000,3/3/2024,70%
Support,Bug Fixes,Aaron,1/27/2024,31.000000000000000,2/27/2024,100%
Support,Software Updates,Bella,3/2/2024,22.000000000000000,3/24/2024,0%
Support,Technical Support,Zoe,1/1/2024,25.000000000000000,1/26/2024,100%
Training,Certification Programs,Jane,1/28/2024,30.000000000000000,2/27/2024,0%
Training,Employee Training,Isaac,1/4/2024,27.000000000000000,1/31/2024,80%
Training,Skill Development,Kyle,2/28/2024,22.000000000000000,3/21/2024,0%
project_name,task_name,assigned_to,start_date,days_required,end_date,progress
